"Type","N","N_p"
"Hospital",4063,9.96077469968129
"Home",15459,37.8989948516793
"Recovered",20426,50.0759990193675
"Deaths",842,2.06423142927188
