"Type","N","N_p"
"Hospital",2339,12.1854649648346
"Home",4401,22.9278457931753
"Recovered",11919,62.0942953894243
"Deaths",536,2.79239385256577
