"Type","N","N_p"
"Hospital",2609,12.5384467512495
"Home",5331,25.6199538638985
"Recovered",12318,59.1983852364475
"Deaths",550,2.64321414840446
