"Type","N","N_p"
"Hospital",2554,12.5104090129807
"Home",5109,25.025716385011
"Recovered",12208,59.7991672789615
"Deaths",544,2.66470732304678
