"Type","N","N_p"
"Hospital",2743,11.130046662609
"Home",6974,28.2978291742747
"Recovered",14293,57.9955366200041
"Deaths",635,2.57658754311219
